{
  "config_id": "householder_prime_rt60_2p8_paper",
  "seeds": [
    0,
    1,
    2,
    3,
    4
  ],
  "n_rows_seed_mode": 15,
  "metrics": {
    "fixed": {
      "spectral_loss_like": {
        "mean": 0.6713636718595749,
        "std": 0.0,
        "min": 0.6713636718595749,
        "max": 0.6713636718595749
      },
      "spectral_dev_db": {
        "mean": 6.620470071338859,
        "std": 8.881784197001252e-16,
        "min": 6.6204700713388585,
        "max": 6.6204700713388585
      },
      "rt60_s": {
        "mean": 2.7979867349617296,
        "std": 2.6645352591003757e-15,
        "min": 2.7979867349617242,
        "max": 2.797986734961731
      },
      "edt_s": {
        "mean": 2.764725942266767,
        "std": 4.440892098500626e-16,
        "min": 2.7647259422667667,
        "max": 2.7647259422667676
      },
      "ringiness": {
        "mean": 16.025809022525127,
        "std": 2.5257520519617075e-10,
        "min": 16.025809022019978,
        "max": 16.025809022651416
      },
      "kurtosis_mean_50_300ms": {
        "mean": 303.9954638411515,
        "std": 0.0,
        "min": 303.9954638411515,
        "max": 303.9954638411515
      },
      "echo_density_events_per_s_50_300ms": {
        "mean": 72.54901960784314,
        "std": 0.0,
        "min": 72.54901960784314,
        "max": 72.54901960784314
      }
    },
    "u_only": {
      "spectral_loss_like": {
        "mean": 0.6525485680161472,
        "std": 0.17530758743391778,
        "min": 0.48668017220721504,
        "max": 0.8835038516375867
      },
      "spectral_dev_db": {
        "mean": 5.263859652789664,
        "std": 0.7960911322058657,
        "min": 4.550602270447634,
        "max": 6.375897674957895
      },
      "rt60_s": {
        "mean": 2.799934445196618,
        "std": 0.0021140482980710443,
        "min": 2.7966808945091346,
        "max": 2.802822654729745
      },
      "edt_s": {
        "mean": 2.8380197979261155,
        "std": 0.0736400634028965,
        "min": 2.7375792935728507,
        "max": 2.9336588033203217
      },
      "ringiness": {
        "mean": 14.467067013873233,
        "std": 2.240400535573805,
        "min": 11.416217296225241,
        "max": 17.742520860194876
      },
      "kurtosis_mean_50_300ms": {
        "mean": 408.16991274612224,
        "std": 79.92641034929721,
        "min": 277.30324825233845,
        "max": 523.0747226373888
      },
      "echo_density_events_per_s_50_300ms": {
        "mean": 61.96078431372549,
        "std": 6.274509803921572,
        "min": 58.8235294117647,
        "max": 74.50980392156863
      }
    },
    "full": {
      "spectral_loss_like": {
        "mean": 0.6525485680161472,
        "std": 0.17530758743391778,
        "min": 0.48668017220721504,
        "max": 0.8835038516375867
      },
      "spectral_dev_db": {
        "mean": 5.263859652789664,
        "std": 0.7960911322058657,
        "min": 4.550602270447634,
        "max": 6.375897674957895
      },
      "rt60_s": {
        "mean": 2.799934445196618,
        "std": 0.0021140482980710443,
        "min": 2.7966808945091346,
        "max": 2.802822654729745
      },
      "edt_s": {
        "mean": 2.8380197979261155,
        "std": 0.0736400634028965,
        "min": 2.7375792935728507,
        "max": 2.9336588033203217
      },
      "ringiness": {
        "mean": 14.467067013873233,
        "std": 2.240400535573805,
        "min": 11.416217296225241,
        "max": 17.742520860194876
      },
      "kurtosis_mean_50_300ms": {
        "mean": 408.16991274612224,
        "std": 79.92641034929721,
        "min": 277.30324825233845,
        "max": 523.0747226373888
      },
      "echo_density_events_per_s_50_300ms": {
        "mean": 61.96078431372549,
        "std": 6.274509803921572,
        "min": 58.8235294117647,
        "max": 74.50980392156863
      }
    }
  },
  "paths": {
    "aggregate_summary_csv": "/Users/user/Documents/GitHub/tiny-fdn-reverb/eval/figs/multiseed/householder_prime_rt60_2p8_paper/aggregate_summary.csv",
    "aggregate_stats_json": "/Users/user/Documents/GitHub/tiny-fdn-reverb/eval/figs/multiseed/householder_prime_rt60_2p8_paper/aggregate_stats.json"
  }
}
