{
  "step": [
    0.0
  ],
  "epoch": [
    0.0
  ],
  "total": [
    0.5563516698329459
  ],
  "spectral": [
    0.5325523597298504
  ],
  "sparsity": [
    0.4759862020619119
  ],
  "u_norm": [
    1.0
  ],
  "b_norm": [
    1.0
  ],
  "cL_norm": [
    1.0
  ],
  "cR_norm": [
    1.0
  ]
}
