{
  "config_id": "householder_prime_rt60_2p8_paper",
  "seeds": [
    0,
    1,
    2,
    3,
    4
  ],
  "n_rows_seed_mode": 15,
  "metrics": {
    "fixed": {
      "spectral_loss_like": {
        "mean": 0.6713636718595749,
        "std": 0.0,
        "min": 0.6713636718595749,
        "max": 0.6713636718595749
      },
      "spectral_loss_like_50_12k": {
        "mean": 0.6711707659523574,
        "std": 0.0,
        "min": 0.6711707659523574,
        "max": 0.6711707659523574
      },
      "spectral_dev_db": {
        "mean": 6.620470071338859,
        "std": 8.881784197001252e-16,
        "min": 6.6204700713388585,
        "max": 6.6204700713388585
      },
      "spectral_dev_db_50_12k": {
        "mean": 6.609385057445243,
        "std": 0.0,
        "min": 6.609385057445243,
        "max": 6.609385057445243
      },
      "rt60_s": {
        "mean": 2.7979867349617233,
        "std": 1.1580429779916288e-15,
        "min": 2.797986734961721,
        "max": 2.7979867349617242
      },
      "edt_s": {
        "mean": 2.764725942266765,
        "std": 9.930136612989092e-16,
        "min": 2.764725942266763,
        "max": 2.764725942266766
      },
      "ringiness": {
        "mean": 16.025808907057076,
        "std": 3.046778254144381e-08,
        "min": 16.025808865836392,
        "max": 16.02580894134863
      },
      "kurtosis_mean_50_300ms": {
        "mean": 303.9954638411515,
        "std": 6.226884551155832e-14,
        "min": 303.9954638411514,
        "max": 303.9954638411515
      },
      "echo_density_events_per_s_50_300ms": {
        "mean": 48.0,
        "std": 0.0,
        "min": 48.0,
        "max": 48.0
      }
    },
    "u_only": {
      "spectral_loss_like": {
        "mean": 0.7379981826457955,
        "std": 0.2037474429004844,
        "min": 0.5571183737508782,
        "max": 0.9913494330152424
      },
      "spectral_loss_like_50_12k": {
        "mean": 0.736660299114908,
        "std": 0.20151174616549863,
        "min": 0.55824553929541,
        "max": 0.9873814206265578
      },
      "spectral_dev_db": {
        "mean": 6.379859649800728,
        "std": 1.0546580892694226,
        "min": 5.0174373645031904,
        "max": 7.642263301891904
      },
      "spectral_dev_db_50_12k": {
        "mean": 6.379934496928807,
        "std": 1.0582108301207784,
        "min": 5.0176714216433895,
        "max": 7.647706381369449
      },
      "rt60_s": {
        "mean": 2.799041085198763,
        "std": 0.00395982696375556,
        "min": 2.7933488313346198,
        "max": 2.8055120370433118
      },
      "edt_s": {
        "mean": 2.7532683187086326,
        "std": 0.05736718023900823,
        "min": 2.689493392225546,
        "max": 2.823522447215762
      },
      "ringiness": {
        "mean": 16.493056437637556,
        "std": 3.7864027266620983,
        "min": 11.44069337548438,
        "max": 21.676682609763226
      },
      "kurtosis_mean_50_300ms": {
        "mean": 508.9263593294895,
        "std": 116.72988308883761,
        "min": 333.3617711967321,
        "max": 644.9205770737999
      },
      "echo_density_events_per_s_50_300ms": {
        "mean": 49.6,
        "std": 4.079215610874227,
        "min": 44.0,
        "max": 56.0
      }
    },
    "full": {
      "spectral_loss_like": {
        "mean": 0.8011513110330266,
        "std": 0.23321522339033846,
        "min": 0.5693053028137158,
        "max": 1.0965123182166208
      },
      "spectral_loss_like_50_12k": {
        "mean": 0.7998091184043201,
        "std": 0.23099848024931915,
        "min": 0.5692885331394685,
        "max": 1.092642454378492
      },
      "spectral_dev_db": {
        "mean": 6.815325425063828,
        "std": 1.1626225683968836,
        "min": 5.702820433002704,
        "max": 8.297446924052577
      },
      "spectral_dev_db_50_12k": {
        "mean": 6.815682813885327,
        "std": 1.1634029523375506,
        "min": 5.700930166125406,
        "max": 8.299446951962972
      },
      "rt60_s": {
        "mean": 2.7993981206735437,
        "std": 0.001801144808321212,
        "min": 2.7975895760583915,
        "max": 2.8024989041757182
      },
      "edt_s": {
        "mean": 2.7333088581976117,
        "std": 0.01805283025220515,
        "min": 2.7187669387523368,
        "max": 2.764977873798539
      },
      "ringiness": {
        "mean": 17.254220894022236,
        "std": 4.261737889595346,
        "min": 11.470496532462278,
        "max": 23.159030635493053
      },
      "kurtosis_mean_50_300ms": {
        "mean": 522.508461066246,
        "std": 111.63650927727187,
        "min": 352.97123539218126,
        "max": 646.0035114425801
      },
      "echo_density_events_per_s_50_300ms": {
        "mean": 50.4,
        "std": 5.986651818838306,
        "min": 44.0,
        "max": 60.0
      }
    }
  },
  "delta_vs_fixed": {
    "u_only": {
      "spectral_dev_db_50_12k": {
        "mean": 0.22945056051643534,
        "std": 1.0582108301207787,
        "min": -1.0383213239242064,
        "max": 1.5917136358018533
      },
      "spectral_loss_like_50_12k": {
        "mean": -0.06548953316255073,
        "std": 0.20151174616549863,
        "min": -0.3162106546742004,
        "max": 0.11292522665694738
      },
      "ringiness": {
        "mean": -0.4672475305804795,
        "std": 3.7864027559077895,
        "min": -5.650873734155702,
        "max": 4.58511556586425
      },
      "echo_density_events_per_s_50_300ms": {
        "mean": 1.6,
        "std": 4.079215610874228,
        "min": -4.0,
        "max": 8.0
      }
    },
    "full": {
      "spectral_dev_db_50_12k": {
        "mean": -0.20629775644008408,
        "std": 1.1634029523375506,
        "min": -1.6900618945177293,
        "max": 0.9084548913198365
      },
      "spectral_loss_like_50_12k": {
        "mean": -0.1286383524519628,
        "std": 0.23099848024931915,
        "min": -0.4214716884261347,
        "max": 0.10188223281288888
      },
      "ringiness": {
        "mean": -1.228411986965159,
        "std": 4.261737918565373,
        "min": -7.133221759885529,
        "max": 4.555312408886351
      },
      "echo_density_events_per_s_50_300ms": {
        "mean": 2.4,
        "std": 5.986651818838307,
        "min": -4.0,
        "max": 12.0
      }
    }
  },
  "paths": {
    "aggregate_summary_csv": "/Users/user/Documents/GitHub/tiny-fdn-reverb/eval/figs/multiseed/householder_prime_rt60_2p8_paper/aggregate_summary.csv",
    "aggregate_deltas_csv": "/Users/user/Documents/GitHub/tiny-fdn-reverb/eval/figs/multiseed/householder_prime_rt60_2p8_paper/aggregate_deltas.csv",
    "aggregate_stats_json": "/Users/user/Documents/GitHub/tiny-fdn-reverb/eval/figs/multiseed/householder_prime_rt60_2p8_paper/aggregate_stats.json"
  }
}
