{
  "config_id": "tmp_ms_rows",
  "seeds": [
    0
  ],
  "n_rows_seed_mode": 3,
  "metrics": {
    "fixed": {
      "spectral_loss_like": {
        "mean": 0.6713636718595749,
        "std": 0.0,
        "min": 0.6713636718595749,
        "max": 0.6713636718595749
      },
      "spectral_dev_db": {
        "mean": 6.6204700713388585,
        "std": 0.0,
        "min": 6.6204700713388585,
        "max": 6.6204700713388585
      },
      "rt60_s": {
        "mean": 2.797986734961724,
        "std": 0.0,
        "min": 2.797986734961724,
        "max": 2.797986734961724
      },
      "edt_s": {
        "mean": 2.7647259422667663,
        "std": 0.0,
        "min": 2.7647259422667663,
        "max": 2.7647259422667663
      },
      "ringiness": {
        "mean": 16.025808877138093,
        "std": 0.0,
        "min": 16.025808877138093,
        "max": 16.025808877138093
      },
      "kurtosis_mean_50_300ms": {
        "mean": 303.99546384115143,
        "std": 0.0,
        "min": 303.99546384115143,
        "max": 303.99546384115143
      },
      "echo_density_events_per_s_50_300ms": {
        "mean": 72.54901960784314,
        "std": 0.0,
        "min": 72.54901960784314,
        "max": 72.54901960784314
      }
    },
    "u_only": {
      "spectral_loss_like": {
        "mean": 0.9918561355706067,
        "std": 0.0,
        "min": 0.9918561355706067,
        "max": 0.9918561355706067
      },
      "spectral_dev_db": {
        "mean": 7.637193791049666,
        "std": 0.0,
        "min": 7.637193791049666,
        "max": 7.637193791049666
      },
      "rt60_s": {
        "mean": 2.8003626793165792,
        "std": 0.0,
        "min": 2.8003626793165792,
        "max": 2.8003626793165792
      },
      "edt_s": {
        "mean": 2.7147719801296,
        "std": 0.0,
        "min": 2.7147719801296,
        "max": 2.7147719801296
      },
      "ringiness": {
        "mean": 20.037739633888197,
        "std": 0.0,
        "min": 20.037739633888197,
        "max": 20.037739633888197
      },
      "kurtosis_mean_50_300ms": {
        "mean": 648.5125921964875,
        "std": 0.0,
        "min": 648.5125921964875,
        "max": 648.5125921964875
      },
      "echo_density_events_per_s_50_300ms": {
        "mean": 70.58823529411765,
        "std": 0.0,
        "min": 70.58823529411765,
        "max": 70.58823529411765
      }
    },
    "full": {
      "spectral_loss_like": {
        "mean": 0.9884343499027365,
        "std": 0.0,
        "min": 0.9884343499027365,
        "max": 0.9884343499027365
      },
      "spectral_dev_db": {
        "mean": 7.621095306483712,
        "std": 0.0,
        "min": 7.621095306483712,
        "max": 7.621095306483712
      },
      "rt60_s": {
        "mean": 2.8003624806054748,
        "std": 0.0,
        "min": 2.8003624806054748,
        "max": 2.8003624806054748
      },
      "edt_s": {
        "mean": 2.7143652741033217,
        "std": 0.0,
        "min": 2.7143652741033217,
        "max": 2.7143652741033217
      },
      "ringiness": {
        "mean": 19.97051795605735,
        "std": 0.0,
        "min": 19.97051795605735,
        "max": 19.97051795605735
      },
      "kurtosis_mean_50_300ms": {
        "mean": 642.3119118354459,
        "std": 0.0,
        "min": 642.3119118354459,
        "max": 642.3119118354459
      },
      "echo_density_events_per_s_50_300ms": {
        "mean": 70.58823529411765,
        "std": 0.0,
        "min": 70.58823529411765,
        "max": 70.58823529411765
      }
    }
  },
  "paths": {
    "aggregate_summary_csv": "/Users/user/Documents/GitHub/tiny-fdn-reverb/eval/figs/multiseed/tmp_ms_rows/aggregate_summary.csv",
    "aggregate_stats_json": "/Users/user/Documents/GitHub/tiny-fdn-reverb/eval/figs/multiseed/tmp_ms_rows/aggregate_stats.json"
  }
}
