{
  "config_id": "householder_prime_rt60_2p8_smoke",
  "seeds": [
    0
  ],
  "metrics": {
    "fixed": {
      "spectral_loss_like": {
        "mean": 0.6713636718595749,
        "std": 0.0,
        "min": 0.6713636718595749,
        "max": 0.6713636718595749
      },
      "spectral_dev_db": {
        "mean": 6.6204700713388585,
        "std": 0.0,
        "min": 6.6204700713388585,
        "max": 6.6204700713388585
      },
      "rt60_s": {
        "mean": 2.7979867349617225,
        "std": 0.0,
        "min": 2.7979867349617225,
        "max": 2.7979867349617225
      },
      "edt_s": {
        "mean": 2.7647259422667663,
        "std": 0.0,
        "min": 2.7647259422667663,
        "max": 2.7647259422667663
      },
      "ringiness": {
        "mean": 16.02580887646943,
        "std": 0.0,
        "min": 16.02580887646943,
        "max": 16.02580887646943
      },
      "kurtosis_mean_50_300ms": {
        "mean": 303.99546384115143,
        "std": 0.0,
        "min": 303.99546384115143,
        "max": 303.99546384115143
      },
      "echo_density_events_per_s_50_300ms": {
        "mean": 72.54901960784314,
        "std": 0.0,
        "min": 72.54901960784314,
        "max": 72.54901960784314
      }
    },
    "u_only": {
      "spectral_loss_like": {
        "mean": 0.9919401922020381,
        "std": 0.0,
        "min": 0.9919401922020381,
        "max": 0.9919401922020381
      },
      "spectral_dev_db": {
        "mean": 7.644554423601123,
        "std": 0.0,
        "min": 7.644554423601123,
        "max": 7.644554423601123
      },
      "rt60_s": {
        "mean": 2.8003554486567843,
        "std": 0.0,
        "min": 2.8003554486567843,
        "max": 2.8003554486567843
      },
      "edt_s": {
        "mean": 2.7144319377007142,
        "std": 0.0,
        "min": 2.7144319377007142,
        "max": 2.7144319377007142
      },
      "ringiness": {
        "mean": 20.08329239545422,
        "std": 0.0,
        "min": 20.08329239545422,
        "max": 20.08329239545422
      },
      "kurtosis_mean_50_300ms": {
        "mean": 649.5502340279277,
        "std": 0.0,
        "min": 649.5502340279277,
        "max": 649.5502340279277
      },
      "echo_density_events_per_s_50_300ms": {
        "mean": 70.58823529411765,
        "std": 0.0,
        "min": 70.58823529411765,
        "max": 70.58823529411765
      }
    },
    "full": {
      "spectral_loss_like": {
        "mean": 0.9940773240447097,
        "std": 0.0,
        "min": 0.9940773240447097,
        "max": 0.9940773240447097
      },
      "spectral_dev_db": {
        "mean": 7.670598994920588,
        "std": 0.0,
        "min": 7.670598994920588,
        "max": 7.670598994920588
      },
      "rt60_s": {
        "mean": 2.8003381483703524,
        "std": 0.0,
        "min": 2.8003381483703524,
        "max": 2.8003381483703524
      },
      "edt_s": {
        "mean": 2.7140825233230674,
        "std": 0.0,
        "min": 2.7140825233230674,
        "max": 2.7140825233230674
      },
      "ringiness": {
        "mean": 20.087884303245154,
        "std": 0.0,
        "min": 20.087884303245154,
        "max": 20.087884303245154
      },
      "kurtosis_mean_50_300ms": {
        "mean": 643.5458309710237,
        "std": 0.0,
        "min": 643.5458309710237,
        "max": 643.5458309710237
      },
      "echo_density_events_per_s_50_300ms": {
        "mean": 70.58823529411765,
        "std": 0.0,
        "min": 70.58823529411765,
        "max": 70.58823529411765
      }
    }
  },
  "paths": {
    "aggregate_summary_csv": "/Users/user/Documents/GitHub/tiny-fdn-reverb/eval/figs/multiseed/householder_prime_rt60_2p8_smoke/aggregate_summary.csv",
    "aggregate_stats_json": "/Users/user/Documents/GitHub/tiny-fdn-reverb/eval/figs/multiseed/householder_prime_rt60_2p8_smoke/aggregate_stats.json"
  }
}
