{
  "step": [
    0.0
  ],
  "total": [
    0.6767292020181387
  ],
  "spectral": [
    0.6767292020181387
  ],
  "sparsity": [
    -0.0
  ]
}
