{
  "step": [
    0.0
  ],
  "total": [
    0.9173676704205529
  ],
  "spectral": [
    0.9173676704205529
  ],
  "sparsity": [
    -0.0
  ]
}
