{
  "config_id": "hadamard_prime_rt60_2p8_ad005",
  "sr": 48000,
  "nfft": 2048,
  "delay_samples": [
    1499,
    2377,
    3217,
    4421
  ],
  "rt60": 2.8,
  "steps": 1,
  "lr": 0.03,
  "alpha_density": 0.05,
  "freq_bins_per_step": 256,
  "learn_io": false,
  "seed": 1234,
  "gains": [
    0.9258490356931381,
    0.8849973378133327,
    0.8476019833821629,
    0.7967406292533363
  ],
  "matrix_type": "hadamard",
  "fixed_u": [
    0.5,
    0.5,
    0.5,
    0.5
  ],
  "u": [
    0.5,
    0.5,
    0.5,
    0.5
  ],
  "b": [
    0.25,
    0.25,
    0.25,
    0.25
  ],
  "cL": [
    0.5,
    -0.5,
    0.5,
    -0.5
  ],
  "cR": [
    0.5,
    0.5,
    -0.5,
    -0.5
  ],
  "losses": {
    "total": 0.6904674180771924,
    "spectral": 0.6904674180771924,
    "sparsity": -0.0
  }
}
