{
  "config_id": "householder_spread_rt60_2p8_bank_seed1_r2",
  "sr": 48000,
  "fs": 48000,
  "nfft": 2048,
  "M": 480000,
  "batch": 2000,
  "epochs": 3,
  "delay_samples": [
    1200,
    1800,
    2400,
    3000
  ],
  "rt60": 2.8,
  "rt60_target": 2.8,
  "steps": 720,
  "steps_per_epoch": 240,
  "lr": 0.001,
  "gamma": 0.9999486043321197,
  "gamma_used": 0.9999486043321197,
  "gamma_source": "rt60_target",
  "train_lossless": true,
  "optimize_with_decay": false,
  "stability_gamma": 0.9999,
  "gamma_train": 0.9999,
  "training_mode": "lossless-core-stabilized",
  "alpha_density": 0.05,
  "alpha_sparsity": 0.05,
  "spectral_mode": "unity",
  "freq_grid_size": 480000,
  "freq_bins_per_step": 2000,
  "learn_io": true,
  "paper_band_enable": true,
  "paper_band_min_hz": 50.0,
  "paper_band_max_hz": 12000.0,
  "band_k_pool_count": 239001,
  "band_k_min": 1000,
  "band_k_max": 240000,
  "k_to_hz_formula": "hz = k * sr / (2 * freq_grid_size)",
  "val_fraction": 0.2,
  "seed": 1002,
  "gains": [
    0.9401870948776828,
    0.9116359195539531,
    0.8839517733745369,
    0.8571083267915761
  ],
  "gains_training": [
    0.8869151148557208,
    0.835262693512019,
    0.7866184209595365,
    0.7408071077509111
  ],
  "matrix_type": "householder",
  "fixed_u": [
    0.5,
    0.5,
    0.5,
    0.5
  ],
  "u": [
    0.5446621186781057,
    0.6772752935012514,
    -0.18358992671998825,
    0.45927779403844515
  ],
  "b": [
    0.41858388357696397,
    0.6502678602969095,
    0.5348816224453397,
    0.3403540689410761
  ],
  "cL": [
    0.11253906080422624,
    -0.6995788206868686,
    0.6447090453092945,
    -0.2868356329608489
  ],
  "cR": [
    0.44052395942898914,
    0.41091067339088916,
    -0.6661088424040549,
    -0.43976137817409805
  ],
  "losses": {
    "total": 0.1959488100677454,
    "spectral": 0.18288626466352365,
    "sparsity": 0.26125090808443496,
    "best_val_step": 719.0,
    "best_val_spectral_loss_like_50_12k": 0.18288626466352362,
    "best_val_spectral_dev_db_50_12k": 3.699631373529109,
    "final_spectral_dev_db_50_12k": 3.699631373529109,
    "training_band_k_count": 239001.0,
    "band_k_min": 1000.0,
    "band_k_max": 240000.0,
    "train_band_k_count": 191201.0,
    "val_band_k_count": 47800.0,
    "freq_grid_size": 480000.0,
    "paper_band_enable": 1.0,
    "paper_band_min_hz": 50.0,
    "paper_band_max_hz": 12000.0,
    "gamma_train": 0.9999,
    "stability_gamma": 0.9999,
    "val_fraction": 0.2
  },
  "best_val_step": 719,
  "best_val_spectral_loss_like_50_12k": 0.18288626466352362,
  "best_val_spectral_dev_db_50_12k": 3.699631373529109,
  "training_band_k_count": 239001,
  "band_k_min_loss": 1000,
  "band_k_max_loss": 240000,
  "train_band_k_count": 191201,
  "val_band_k_count": 47800
}
