{
  "config_id": "householder_prime_rt60_2p8_ad005_diff",
  "sr": 48000,
  "nfft": 2048,
  "delay_samples": [
    1499,
    2377,
    3217,
    4421
  ],
  "rt60": 2.8,
  "gains": [
    0.9258490356931381,
    0.8849973378133327,
    0.8476019833821629,
    0.7967406292533363
  ],
  "matrix_type": "householder",
  "u": [
    -0.3412536311132499,
    0.08769042424163272,
    -0.9259671003176176,
    0.13579866670084628
  ],
  "b": [
    0.25,
    0.25,
    0.25,
    0.25
  ],
  "cL": [
    0.5,
    -0.5,
    0.5,
    -0.5
  ],
  "cR": [
    0.5,
    0.5,
    -0.5,
    -0.5
  ],
  "losses": {
    "total": 0.47002059194367046,
    "spectral": 0.44344673985021066,
    "sparsity": 0.5314770418691959,
    "alpha_density": 0.05,
    "steps": 800,
    "lr": 0.03,
    "freq_bins_per_step": 256,
    "learn_io": false
  },
  "seed": 1234
}
