{
  "config_id": "householder_prime_rt60_2p8_paper_seed3",
  "sr": 48000,
  "fs": 48000,
  "nfft": 2048,
  "M": 480000,
  "batch": 2000,
  "epochs": 3,
  "delay_samples": [
    1499,
    2377,
    3217,
    4421
  ],
  "rt60": 2.8,
  "rt60_target": 2.8,
  "steps": 720,
  "steps_per_epoch": 240,
  "lr": 0.001,
  "gamma": 0.9999486043321197,
  "gamma_used": 0.9999486043321197,
  "gamma_source": "rt60_target",
  "train_lossless": true,
  "optimize_with_decay": false,
  "gamma_train": 1.0,
  "alpha_density": 0.05,
  "alpha_sparsity": 0.05,
  "spectral_mode": "unity",
  "freq_bins_per_step": 2000,
  "learn_io": true,
  "seed": 3,
  "gains": [
    0.9258490356932044,
    0.8849973378134331,
    0.8476019833822931,
    0.7967406292535046
  ],
  "gains_training": [
    1.0,
    1.0,
    1.0,
    1.0
  ],
  "matrix_type": "householder",
  "fixed_u": [
    0.5,
    0.5,
    0.5,
    0.5
  ],
  "u": [
    0.7578042789207392,
    0.1817550201571143,
    0.0972805840494013,
    -0.6190591857521481
  ],
  "b": [
    0.45030599038972047,
    0.4010304801343495,
    0.42801653240255294,
    0.6732019882713065
  ],
  "cL": [
    0.4660539904990295,
    -0.5347100954432283,
    0.5314705668944893,
    -0.46305272733877095
  ],
  "cR": [
    0.4657767342221496,
    0.5349752233367605,
    -0.5312022536459525,
    -0.4633332601860065
  ],
  "losses": {
    "total": 1305338930.403318,
    "spectral": 1305338930.3755813,
    "sparsity": 0.5547318116915809
  }
}
