{
  "config_id": "householder_prime_rt60_2p8_fullio_test_u_only",
  "sr": 48000,
  "nfft": 2048,
  "delay_samples": [
    1499,
    2377,
    3217,
    4421
  ],
  "rt60": 2.8,
  "steps": 200,
  "lr": 0.03,
  "alpha_density": 0.05,
  "freq_bins_per_step": 256,
  "learn_io": true,
  "seed": 1234,
  "gains": [
    0.9258490356931381,
    0.8849973378133327,
    0.8476019833821629,
    0.7967406292533363
  ],
  "matrix_type": "householder",
  "fixed_u": [
    0.5,
    0.5,
    0.5,
    0.5
  ],
  "u": [
    0.280062880551703,
    0.07507804847061146,
    -0.809792135439851,
    0.5100634930620827
  ],
  "b": [
    0.25,
    0.25,
    0.25,
    0.25
  ],
  "cL": [
    0.5,
    -0.5,
    0.5,
    -0.5
  ],
  "cR": [
    0.5,
    0.5,
    -0.5,
    -0.5
  ],
  "losses": {
    "total": 0.3315892281762825,
    "spectral": 0.30951773000024624,
    "sparsity": 0.4414299635207253
  },
  "comparison_mode": "u_only"
}
