{
  "config_id": "householder_spread_rt60_2p8_ad005",
  "sr": 48000,
  "nfft": 2048,
  "delay_samples": [
    1200,
    1800,
    2400,
    3000
  ],
  "rt60": 2.8,
  "steps": 800,
  "lr": 0.03,
  "alpha_density": 0.05,
  "freq_bins_per_step": 256,
  "learn_io": true,
  "seed": 1234,
  "gains": [
    0.9401870948776289,
    0.9116359195538747,
    0.8839517733744355,
    0.8571083267914532
  ],
  "matrix_type": "householder",
  "fixed_u": [
    0.5,
    0.5,
    0.5,
    0.5
  ],
  "u": [
    0.35957674900140496,
    0.4831600205904976,
    -0.5519159138709041,
    0.5767579909256699
  ],
  "b": [
    0.021817181720885946,
    0.0442183437638045,
    0.9619077754926224,
    -0.268890647110268
  ],
  "cL": [
    0.33543865411740903,
    0.369082107260565,
    0.056161680503654186,
    -0.8649307331035287
  ],
  "cR": [
    0.3327377420133775,
    0.36783392537459203,
    0.057535979207512286,
    -0.8664141096958144
  ],
  "losses": {
    "total": 0.42598197586661446,
    "spectral": 0.4231434770439352,
    "sparsity": 0.05676997645358561
  }
}
