{
  "config_id": "householder_prime_sr44100_bank_seed2_r2",
  "sr": 44100,
  "fs": 44100,
  "nfft": 2048,
  "M": 480000,
  "batch": 2000,
  "epochs": 3,
  "delay_samples": [
    1499,
    2377,
    3217,
    4421
  ],
  "rt60": 2.8,
  "rt60_target": 2.8,
  "steps": 720,
  "steps_per_epoch": 240,
  "lr": 0.001,
  "gamma": 0.9999440592641341,
  "gamma_used": 0.9999440592641341,
  "gamma_source": "rt60_target",
  "train_lossless": true,
  "optimize_with_decay": false,
  "stability_gamma": 0.9999,
  "gamma_train": 0.9999,
  "training_mode": "lossless-core-stabilized",
  "alpha_density": 0.05,
  "alpha_sparsity": 0.05,
  "spectral_mode": "unity",
  "freq_grid_size": 480000,
  "freq_bins_per_step": 2000,
  "learn_io": true,
  "paper_band_enable": true,
  "paper_band_min_hz": 50.0,
  "paper_band_max_hz": 12000.0,
  "band_k_pool_count": 260137,
  "band_k_min": 1088,
  "band_k_max": 261224,
  "k_to_hz_formula": "hz = k * sr / (2 * freq_grid_size)",
  "val_fraction": 0.2,
  "seed": 2002,
  "gains": [
    0.9195622764670255,
    0.8754871116079828,
    0.8352982927879131,
    0.7808900571205053
  ],
  "gains_training": [
    0.8607875994690201,
    0.788429816204984,
    0.7249039714501405,
    0.642671156355556
  ],
  "matrix_type": "householder",
  "fixed_u": [
    0.5,
    0.5,
    0.5,
    0.5
  ],
  "u": [
    -0.8708193928310287,
    0.24098347972832562,
    0.3455140965351314,
    -0.25341775127827587
  ],
  "b": [
    0.47842248254582803,
    0.05055542104704726,
    0.007925699864902852,
    0.876637474033077
  ],
  "cL": [
    0.8241174985854056,
    -0.1022247508999661,
    0.12469355815359504,
    -0.5429843141231336
  ],
  "cR": [
    0.7029160952048313,
    0.13930974703457916,
    -0.3668790699137014,
    -0.5932128669730719
  ],
  "losses": {
    "total": 0.19118254735368437,
    "spectral": 0.17726420018743622,
    "sparsity": 0.27836694332496315,
    "best_val_step": 719.0,
    "best_val_spectral_loss_like_50_12k": 0.17726420018743616,
    "best_val_spectral_dev_db_50_12k": 4.393001600610951,
    "final_spectral_dev_db_50_12k": 4.393001600610951,
    "training_band_k_count": 260137.0,
    "band_k_min": 1088.0,
    "band_k_max": 261224.0,
    "train_band_k_count": 208110.0,
    "val_band_k_count": 52027.0,
    "freq_grid_size": 480000.0,
    "paper_band_enable": 1.0,
    "paper_band_min_hz": 50.0,
    "paper_band_max_hz": 12000.0,
    "gamma_train": 0.9999,
    "stability_gamma": 0.9999,
    "val_fraction": 0.2
  },
  "best_val_step": 719,
  "best_val_spectral_loss_like_50_12k": 0.17726420018743616,
  "best_val_spectral_dev_db_50_12k": 4.393001600610951,
  "training_band_k_count": 260137,
  "band_k_min_loss": 1088,
  "band_k_max_loss": 261224,
  "train_band_k_count": 208110,
  "val_band_k_count": 52027
}
