{
  "config_id": "householder_prime_rt60_2p8_ad005_full",
  "sr": 48000,
  "nfft": 2048,
  "delay_samples": [
    1499,
    2377,
    3217,
    4421
  ],
  "rt60": 2.8,
  "steps": 800,
  "lr": 0.03,
  "alpha_density": 0.05,
  "freq_bins_per_step": 256,
  "learn_io": true,
  "seed": 1234,
  "gains": [
    0.9258490356931381,
    0.8849973378133327,
    0.8476019833821629,
    0.7967406292533363
  ],
  "matrix_type": "householder",
  "fixed_u": [
    0.5,
    0.5,
    0.5,
    0.5
  ],
  "u": [
    0.2727758534056916,
    0.05308668634706888,
    -0.8246994196753545,
    0.49259111311372433
  ],
  "b": [
    0.10453485842379391,
    0.2197060103440178,
    0.9609685792596875,
    0.13168569424447532
  ],
  "cL": [
    0.13076332272300883,
    -0.7120030309363756,
    0.12741096149596176,
    -0.6780258728533354
  ],
  "cR": [
    0.5359361304884576,
    0.7364276609622792,
    -0.3905436414659486,
    -0.13387467392005806
  ],
  "losses": {
    "total": 0.33173675779391915,
    "spectral": 0.30824201492965464,
    "sparsity": 0.4698948572852899
  },
  "comparison_mode": "full"
}
