{
  "config_id": "householder_spread_rt60_2p8_bank_seed3_r0",
  "sr": 48000,
  "fs": 48000,
  "nfft": 2048,
  "M": 480000,
  "batch": 2000,
  "epochs": 3,
  "delay_samples": [
    1200,
    1800,
    2400,
    3000
  ],
  "rt60": 2.8,
  "rt60_target": 2.8,
  "steps": 720,
  "steps_per_epoch": 240,
  "lr": 0.001,
  "gamma": 0.9999486043321197,
  "gamma_used": 0.9999486043321197,
  "gamma_source": "rt60_target",
  "train_lossless": true,
  "optimize_with_decay": false,
  "stability_gamma": 0.9999,
  "gamma_train": 0.9999,
  "training_mode": "lossless-core-stabilized",
  "alpha_density": 0.05,
  "alpha_sparsity": 0.05,
  "spectral_mode": "unity",
  "freq_grid_size": 480000,
  "freq_bins_per_step": 2000,
  "learn_io": true,
  "paper_band_enable": true,
  "paper_band_min_hz": 50.0,
  "paper_band_max_hz": 12000.0,
  "band_k_pool_count": 239001,
  "band_k_min": 1000,
  "band_k_max": 240000,
  "k_to_hz_formula": "hz = k * sr / (2 * freq_grid_size)",
  "val_fraction": 0.2,
  "seed": 3000,
  "gains": [
    0.9401870948776828,
    0.9116359195539531,
    0.8839517733745369,
    0.8571083267915761
  ],
  "gains_training": [
    0.8869151148557208,
    0.835262693512019,
    0.7866184209595365,
    0.7408071077509111
  ],
  "matrix_type": "householder",
  "fixed_u": [
    0.5,
    0.5,
    0.5,
    0.5
  ],
  "u": [
    0.2448907811790327,
    0.2712008461080613,
    -0.3551206025138527,
    -0.8604463748741076
  ],
  "b": [
    0.273943547981273,
    0.18652891573904742,
    0.10077349243611343,
    0.938086669415399
  ],
  "cL": [
    0.8068110474516392,
    0.0027916033862154586,
    0.17775144186694872,
    -0.5634292906609873
  ],
  "cR": [
    0.4087072542780512,
    0.7935282009208099,
    0.01876644639108742,
    -0.4504655315712067
  ],
  "losses": {
    "total": 0.19699629851405717,
    "spectral": 0.18398073479438573,
    "sparsity": 0.26031127439342905,
    "best_val_step": 719.0,
    "best_val_spectral_loss_like_50_12k": 0.18398073479438581,
    "best_val_spectral_dev_db_50_12k": 3.9975102163594016,
    "final_spectral_dev_db_50_12k": 3.9975102163594016,
    "training_band_k_count": 239001.0,
    "band_k_min": 1000.0,
    "band_k_max": 240000.0,
    "train_band_k_count": 191201.0,
    "val_band_k_count": 47800.0,
    "freq_grid_size": 480000.0,
    "paper_band_enable": 1.0,
    "paper_band_min_hz": 50.0,
    "paper_band_max_hz": 12000.0,
    "gamma_train": 0.9999,
    "stability_gamma": 0.9999,
    "val_fraction": 0.2
  },
  "best_val_step": 719,
  "best_val_spectral_loss_like_50_12k": 0.18398073479438581,
  "best_val_spectral_dev_db_50_12k": 3.9975102163594016,
  "training_band_k_count": 239001,
  "band_k_min_loss": 1000,
  "band_k_max_loss": 240000,
  "train_band_k_count": 191201,
  "val_band_k_count": 47800
}
