{
  "step": [
    0.0,
    1.0,
    2.0,
    3.0,
    4.0,
    5.0,
    6.0,
    7.0,
    8.0,
    9.0,
    10.0,
    11.0,
    12.0,
    13.0,
    14.0,
    15.0,
    16.0,
    17.0,
    18.0,
    19.0,
    20.0,
    21.0,
    22.0,
    23.0,
    24.0,
    25.0,
    26.0,
    27.0,
    28.0,
    29.0,
    30.0,
    31.0,
    32.0,
    33.0,
    34.0,
    35.0,
    36.0,
    37.0,
    38.0,
    39.0,
    40.0,
    41.0,
    42.0,
    43.0,
    44.0,
    45.0,
    46.0,
    47.0,
    48.0,
    49.0,
    50.0,
    51.0,
    52.0,
    53.0,
    54.0,
    55.0,
    56.0,
    57.0,
    58.0,
    59.0,
    60.0,
    61.0,
    62.0,
    63.0,
    64.0,
    65.0,
    66.0,
    67.0,
    68.0,
    69.0,
    70.0,
    71.0,
    72.0,
    73.0,
    74.0,
    75.0,
    76.0,
    77.0,
    78.0,
    79.0,
    80.0,
    81.0,
    82.0,
    83.0,
    84.0,
    85.0,
    86.0,
    87.0,
    88.0,
    89.0,
    90.0,
    91.0,
    92.0,
    93.0,
    94.0,
    95.0,
    96.0,
    97.0,
    98.0,
    99.0,
    100.0,
    101.0,
    102.0,
    103.0,
    104.0,
    105.0,
    106.0,
    107.0,
    108.0,
    109.0,
    110.0,
    111.0,
    112.0,
    113.0,
    114.0,
    115.0,
    116.0,
    117.0,
    118.0,
    119.0,
    120.0,
    121.0,
    122.0,
    123.0,
    124.0,
    125.0,
    126.0,
    127.0,
    128.0,
    129.0,
    130.0,
    131.0,
    132.0,
    133.0,
    134.0,
    135.0,
    136.0,
    137.0,
    138.0,
    139.0,
    140.0,
    141.0,
    142.0,
    143.0,
    144.0,
    145.0,
    146.0,
    147.0,
    148.0,
    149.0,
    150.0,
    151.0,
    152.0,
    153.0,
    154.0,
    155.0,
    156.0,
    157.0,
    158.0,
    159.0,
    160.0,
    161.0,
    162.0,
    163.0,
    164.0,
    165.0,
    166.0,
    167.0,
    168.0,
    169.0,
    170.0,
    171.0,
    172.0,
    173.0,
    174.0,
    175.0,
    176.0,
    177.0,
    178.0,
    179.0,
    180.0,
    181.0,
    182.0,
    183.0,
    184.0,
    185.0,
    186.0,
    187.0,
    188.0,
    189.0,
    190.0,
    191.0,
    192.0,
    193.0,
    194.0,
    195.0,
    196.0,
    197.0,
    198.0,
    199.0
  ],
  "total": [
    0.7583032290863009,
    0.551573051344989,
    0.5726838135109634,
    0.4927992789876258,
    0.4949667971316613,
    0.46119933339256575,
    0.4787473287875602,
    0.4145875558118328,
    0.42671484728003656,
    0.42599247601846246,
    0.4127222626244551,
    0.41312449612747243,
    0.4149214421050716,
    0.36348705358045486,
    0.3662123229970815,
    0.3893532990408455,
    0.3616693518007976,
    0.38519589155988265,
    0.33911212014679526,
    0.3556641610367265,
    0.3359209059959779,
    0.3853899355277053,
    0.3214042702031928,
    0.3463381036237518,
    0.3423993725776229,
    0.34514798054672274,
    0.3245869648703665,
    0.35297115675111523,
    0.36570911111196164,
    0.3295091333972047,
    0.36536132645865366,
    0.3329652293920711,
    0.3279563836029008,
    0.33359799083441743,
    0.3149200072036913,
    0.33868779964913953,
    0.31333993564982493,
    0.3301950960729105,
    0.327437725372552,
    0.3594391064223668,
    0.3318463549297754,
    0.30606536824098074,
    0.3251207092446613,
    0.33378768620919497,
    0.3069808418231045,
    0.34704359517591077,
    0.3315114210014248,
    0.3460265937341311,
    0.3313434261174635,
    0.32028269271144966,
    0.3529689974675493,
    0.3283641850956019,
    0.35780094802749196,
    0.36300233950898064,
    0.31600427702668804,
    0.33937213107029196,
    0.29282959730126923,
    0.31626592717458174,
    0.37017764084219834,
    0.3525184452253915,
    0.30979561309549825,
    0.31676592359344585,
    0.33568577912883324,
    0.33022738619236314,
    0.36673525356674264,
    0.32236740720180174,
    0.3419552312224451,
    0.3619945304864555,
    0.3387843562365404,
    0.3319323450532252,
    0.3289523290856233,
    0.31660533166389776,
    0.3267408842165706,
    0.32947690746607045,
    0.32301410681504006,
    0.3452445894075627,
    0.3501777848445626,
    0.33343523559900695,
    0.3666062895157551,
    0.3338071744438213,
    0.36120817179331133,
    0.3528890583450258,
    0.35128657190227075,
    0.3450748180968668,
    0.3298436714382,
    0.3558397770900431,
    0.3380445606748377,
    0.3477757620285726,
    0.35372667503355754,
    0.32448483287888963,
    0.3348723774103598,
    0.3547401862939811,
    0.3187452694646521,
    0.3245560909920096,
    0.31661746314495687,
    0.3388737293823094,
    0.3295288178957275,
    0.3432540250588626,
    0.33416891097734,
    0.3327337051508245,
    0.31971640525853506,
    0.3382176332710821,
    0.3354061620684816,
    0.36848473816791516,
    0.3304672174489279,
    0.3304689723411043,
    0.3281711928598725,
    0.3137464602525999,
    0.33634241021705497,
    0.3173853312525414,
    0.32957902503089287,
    0.3249052607579456,
    0.29626852914050517,
    0.39759174349505116,
    0.30521682733606315,
    0.3257616926900129,
    0.32117622635780635,
    0.35401022705865715,
    0.3302769432408303,
    0.31860335086304215,
    0.3373524384156935,
    0.31306283140550656,
    0.30449341144720277,
    0.3234456551422324,
    0.3288767020562421,
    0.32963888952252923,
    0.3267661347649153,
    0.30789328375302744,
    0.32864193538962405,
    0.270666650585077,
    0.3447803476636954,
    0.2989639919579674,
    0.3454247973887608,
    0.34387532679615795,
    0.3295753846114637,
    0.30575588938090004,
    0.33665657746034533,
    0.32733631872681895,
    0.34391795926652985,
    0.3020265220141835,
    0.34099846852407384,
    0.31740611965989035,
    0.3204871745813201,
    0.3200911838722506,
    0.33791903558331654,
    0.319252663278403,
    0.34115085398269884,
    0.3380389025839099,
    0.3368572935065175,
    0.31909238550687596,
    0.339124835264705,
    0.3266193314935998,
    0.3452897709358329,
    0.34888575581128045,
    0.3871203296750557,
    0.30691232505438626,
    0.37063215881957096,
    0.3054551833414583,
    0.32536980023370593,
    0.3329947311503529,
    0.3198357205735188,
    0.3669473762292785,
    0.32763689483570596,
    0.30774590794842804,
    0.3267833840061245,
    0.33303555518061057,
    0.30536699928896405,
    0.33993555515176144,
    0.3542086153656216,
    0.3501020146054896,
    0.3355439024442641,
    0.3168865125955895,
    0.3478340667403281,
    0.31520551739063046,
    0.33109526696727426,
    0.3339783239970198,
    0.335885153039619,
    0.3404508936449468,
    0.34263077604432257,
    0.3200535214830533,
    0.3368862300457156,
    0.33372671636755696,
    0.3480222580044492,
    0.3482662016267175,
    0.34396924402535417,
    0.3115755545959627,
    0.3634863941001373,
    0.3266322116934786,
    0.32079155863067055,
    0.34216448435456326,
    0.35199889452073096,
    0.36460275233557926,
    0.32861323352676136,
    0.3274052037480626,
    0.3473882212488097,
    0.34075814750331807,
    0.30268705015464403,
    0.33556035893671093,
    0.3410195079390623,
    0.3148480464793323
  ],