{
  "config_id": "householder_spread_rt60_2p8_bank_seed4_r0",
  "sr": 48000,
  "fs": 48000,
  "nfft": 2048,
  "M": 480000,
  "batch": 2000,
  "epochs": 3,
  "delay_samples": [
    1200,
    1800,
    2400,
    3000
  ],
  "rt60": 2.8,
  "rt60_target": 2.8,
  "steps": 720,
  "steps_per_epoch": 240,
  "lr": 0.001,
  "gamma": 0.9999486043321197,
  "gamma_used": 0.9999486043321197,
  "gamma_source": "rt60_target",
  "train_lossless": true,
  "optimize_with_decay": false,
  "stability_gamma": 0.9999,
  "gamma_train": 0.9999,
  "training_mode": "lossless-core-stabilized",
  "alpha_density": 0.05,
  "alpha_sparsity": 0.05,
  "spectral_mode": "unity",
  "freq_grid_size": 480000,
  "freq_bins_per_step": 2000,
  "learn_io": true,
  "paper_band_enable": true,
  "paper_band_min_hz": 50.0,
  "paper_band_max_hz": 12000.0,
  "band_k_pool_count": 239001,
  "band_k_min": 1000,
  "band_k_max": 240000,
  "k_to_hz_formula": "hz = k * sr / (2 * freq_grid_size)",
  "val_fraction": 0.2,
  "seed": 4000,
  "gains": [
    0.9401870948776828,
    0.9116359195539531,
    0.8839517733745369,
    0.8571083267915761
  ],
  "gains_training": [
    0.8869151148557208,
    0.835262693512019,
    0.7866184209595365,
    0.7408071077509111
  ],
  "matrix_type": "householder",
  "fixed_u": [
    0.5,
    0.5,
    0.5,
    0.5
  ],
  "u": [
    0.06934057547060948,
    0.296022709878765,
    0.40593934643937823,
    0.8618443518651194
  ],
  "b": [
    0.5020101360147292,
    0.05807070944804971,
    0.6552498615743293,
    0.561481286375152
  ],
  "cL": [
    0.09417725477157668,
    -0.17195132402070548,
    0.5152728110956565,
    -0.8343004956230073
  ],
  "cR": [
    0.4458846848989616,
    0.36058210275215696,
    -0.015099382542863358,
    -0.8191089082620276
  ],
  "losses": {
    "total": 0.229836031755755,
    "spectral": 0.2086540428532889,
    "sparsity": 0.42363977804932196,
    "best_val_step": 671.0,
    "best_val_spectral_loss_like_50_12k": 0.2086540428532888,
    "best_val_spectral_dev_db_50_12k": 4.4670862065050585,
    "final_spectral_dev_db_50_12k": 4.4670862065050585,
    "training_band_k_count": 239001.0,
    "band_k_min": 1000.0,
    "band_k_max": 240000.0,
    "train_band_k_count": 191201.0,
    "val_band_k_count": 47800.0,
    "freq_grid_size": 480000.0,
    "paper_band_enable": 1.0,
    "paper_band_min_hz": 50.0,
    "paper_band_max_hz": 12000.0,
    "gamma_train": 0.9999,
    "stability_gamma": 0.9999,
    "val_fraction": 0.2
  },
  "best_val_step": 671,
  "best_val_spectral_loss_like_50_12k": 0.2086540428532888,
  "best_val_spectral_dev_db_50_12k": 4.4670862065050585,
  "training_band_k_count": 239001,
  "band_k_min_loss": 1000,
  "band_k_max_loss": 240000,
  "train_band_k_count": 191201,
  "val_band_k_count": 47800
}
