{
  "config_id": "householder_spread_rt60_2p8_ad005_fixed",
  "sr": 48000,
  "nfft": 2048,
  "delay_samples": [
    1200,
    1800,
    2400,
    3000
  ],
  "rt60": 2.8,
  "gains": [
    0.9401870948776289,
    0.9116359195538747,
    0.8839517733744355,
    0.8571083267914532
  ],
  "matrix_type": "householder",
  "u": [
    0.5,
    0.5,
    0.5,
    0.5
  ],
  "b": [
    0.25,
    0.25,
    0.25,
    0.25
  ],
  "cL": [
    0.5,
    -0.5,
    0.5,
    -0.5
  ],
  "cR": [
    0.5,
    0.5,
    -0.5,
    -0.5
  ],
  "losses": {
    "total": 0.45899823749517377,
    "spectral": 0.4350278295071348,
    "sparsity": 0.4794081597607791,
    "alpha_density": 0.05,
    "steps": 800,
    "lr": 0.03,
    "freq_bins_per_step": 256,
    "learn_io": false
  },
  "seed": 1234
}
