{
  "config_id": "householder_prime_sr44100",
  "sr": 44100,
  "nfft": 2048,
  "delay_samples": [
    1499,
    2377,
    3217,
    4421
  ],
  "rt60": 2.8,
  "steps": 800,
  "lr": 0.03,
  "alpha_density": 0.05,
  "freq_bins_per_step": 256,
  "learn_io": true,
  "seed": 1234,
  "gains": [
    0.9195622764669968,
    0.8754871116079395,
    0.8352982927878574,
    0.7808900571204336
  ],
  "matrix_type": "householder",
  "fixed_u": [
    0.5,
    0.5,
    0.5,
    0.5
  ],
  "u": [
    0.26266722427375416,
    0.060124821029286526,
    -0.8311745409523574,
    0.48635359324379973
  ],
  "b": [
    0.10854595708986504,
    0.23103359331350157,
    0.9583193655594942,
    0.12831698076928613
  ],
  "cL": [
    0.12818856126742142,
    -0.6858361178597688,
    0.12907345926442132,
    -0.7046534994681752
  ],
  "cR": [
    0.5581882000618265,
    0.7162427930329129,
    -0.395469854416794,
    -0.13793400228989922
  ],
  "losses": {
    "total": 0.30398193030280307,
    "spectral": 0.2807907434609782,
    "sparsity": 0.46382373683649725
  }
}
