{
  "config_id": "householder_prime_sr44100_bank_seed0_r0",
  "sr": 44100,
  "fs": 44100,
  "nfft": 2048,
  "M": 480000,
  "batch": 2000,
  "epochs": 3,
  "delay_samples": [
    1499,
    2377,
    3217,
    4421
  ],
  "rt60": 2.8,
  "rt60_target": 2.8,
  "steps": 720,
  "steps_per_epoch": 240,
  "lr": 0.001,
  "gamma": 0.9999440592641341,
  "gamma_used": 0.9999440592641341,
  "gamma_source": "rt60_target",
  "train_lossless": true,
  "optimize_with_decay": false,
  "stability_gamma": 0.9999,
  "gamma_train": 0.9999,
  "training_mode": "lossless-core-stabilized",
  "alpha_density": 0.05,
  "alpha_sparsity": 0.05,
  "spectral_mode": "unity",
  "freq_grid_size": 480000,
  "freq_bins_per_step": 2000,
  "learn_io": true,
  "paper_band_enable": true,
  "paper_band_min_hz": 50.0,
  "paper_band_max_hz": 12000.0,
  "band_k_pool_count": 260137,
  "band_k_min": 1088,
  "band_k_max": 261224,
  "k_to_hz_formula": "hz = k * sr / (2 * freq_grid_size)",
  "val_fraction": 0.2,
  "seed": 0,
  "gains": [
    0.9195622764670255,
    0.8754871116079828,
    0.8352982927879131,
    0.7808900571205053
  ],
  "gains_training": [
    0.8607875994690201,
    0.788429816204984,
    0.7249039714501405,
    0.642671156355556
  ],
  "matrix_type": "householder",
  "fixed_u": [
    0.5,
    0.5,
    0.5,
    0.5
  ],
  "u": [
    0.36090454146175077,
    -0.21974093475863335,
    -0.7778114373890247,
    0.4652646573838428
  ],
  "b": [
    0.03228581087025982,
    0.4956377896631214,
    0.8472514902570852,
    0.18832344551715638
  ],
  "cL": [
    0.1171238020015915,
    -0.2717653320059203,
    0.9403786484446844,
    -0.16767115695238832
  ],
  "cR": [
    0.031197367381533364,
    0.26334352298865055,
    -0.9611850417640636,
    -0.07615923225324081
  ],
  "losses": {
    "total": 0.14120367989537008,
    "spectral": 0.12960222071468147,
    "sparsity": 0.232029183613772,
    "best_val_step": 719.0,
    "best_val_spectral_loss_like_50_12k": 0.1296022207146815,
    "best_val_spectral_dev_db_50_12k": 3.7035448924832086,
    "final_spectral_dev_db_50_12k": 3.7035448924832086,
    "training_band_k_count": 260137.0,
    "band_k_min": 1088.0,
    "band_k_max": 261224.0,
    "train_band_k_count": 208110.0,
    "val_band_k_count": 52027.0,
    "freq_grid_size": 480000.0,
    "paper_band_enable": 1.0,
    "paper_band_min_hz": 50.0,
    "paper_band_max_hz": 12000.0,
    "gamma_train": 0.9999,
    "stability_gamma": 0.9999,
    "val_fraction": 0.2
  },
  "best_val_step": 719,
  "best_val_spectral_loss_like_50_12k": 0.1296022207146815,
  "best_val_spectral_dev_db_50_12k": 3.7035448924832086,
  "training_band_k_count": 260137,
  "band_k_min_loss": 1088,
  "band_k_max_loss": 261224,
  "train_band_k_count": 208110,
  "val_band_k_count": 52027
}
