{
  "config_id": "householder_prime_rt60_2p8_consistent_full",
  "sr": 48000,
  "fs": 48000,
  "nfft": 2048,
  "M": 480000,
  "batch": 2000,
  "epochs": 3,
  "delay_samples": [
    1499,
    2377,
    3217,
    4421
  ],
  "rt60": 2.8,
  "rt60_target": 2.8,
  "steps": 720,
  "steps_per_epoch": 240,
  "lr": 0.001,
  "gamma": 0.9999486043321197,
  "gamma_used": 0.9999486043321197,
  "gamma_source": "rt60_target",
  "alpha_density": 0.05,
  "alpha_sparsity": 0.05,
  "spectral_mode": "unity",
  "freq_bins_per_step": 2000,
  "learn_io": true,
  "seed": 0,
  "gains": [
    0.9258490356932044,
    0.8849973378134331,
    0.8476019833822931,
    0.7967406292535046
  ],
  "matrix_type": "householder",
  "fixed_u": [
    0.5,
    0.5,
    0.5,
    0.5
  ],
  "u": [
    0.3625637827739432,
    -0.09202018104314791,
    -0.833748516952474,
    0.4061319984696914
  ],
  "b": [
    -0.0016959637255349162,
    0.6384387518257459,
    0.7271325180996031,
    0.2523318945285267
  ],
  "cL": [
    0.21160714455248936,
    -0.26119909485700815,
    0.372956392960941,
    -0.8648126838626882
  ],
  "cR": [
    0.8108050195609936,
    0.26074586809419276,
    -0.5053799633942984,
    -0.1385565051741713
  ],
  "losses": {
    "total": 0.2639930685891251,
    "spectral": 0.2455301448502367,
    "sparsity": 0.36925847477776785
  },
  "comparison_mode": "full",
  "mod_depth": 0.0,
  "detune": 0.0,
  "damp_hz": 1000000000.0,
  "compare_lti_enforced": true
}
