{
  "config_id": "householder_prime_sr44100_bank_seed2_r0",
  "sr": 44100,
  "fs": 44100,
  "nfft": 2048,
  "M": 480000,
  "batch": 2000,
  "epochs": 3,
  "delay_samples": [
    1499,
    2377,
    3217,
    4421
  ],
  "rt60": 2.8,
  "rt60_target": 2.8,
  "steps": 720,
  "steps_per_epoch": 240,
  "lr": 0.001,
  "gamma": 0.9999440592641341,
  "gamma_used": 0.9999440592641341,
  "gamma_source": "rt60_target",
  "train_lossless": true,
  "optimize_with_decay": false,
  "stability_gamma": 0.9999,
  "gamma_train": 0.9999,
  "training_mode": "lossless-core-stabilized",
  "alpha_density": 0.05,
  "alpha_sparsity": 0.05,
  "spectral_mode": "unity",
  "freq_grid_size": 480000,
  "freq_bins_per_step": 2000,
  "learn_io": true,
  "paper_band_enable": true,
  "paper_band_min_hz": 50.0,
  "paper_band_max_hz": 12000.0,
  "band_k_pool_count": 260137,
  "band_k_min": 1088,
  "band_k_max": 261224,
  "k_to_hz_formula": "hz = k * sr / (2 * freq_grid_size)",
  "val_fraction": 0.2,
  "seed": 2000,
  "gains": [
    0.9195622764670255,
    0.8754871116079828,
    0.8352982927879131,
    0.7808900571205053
  ],
  "gains_training": [
    0.8607875994690201,
    0.788429816204984,
    0.7249039714501405,
    0.642671156355556
  ],
  "matrix_type": "householder",
  "fixed_u": [
    0.5,
    0.5,
    0.5,
    0.5
  ],
  "u": [
    -0.45519418861070665,
    0.3634552047510989,
    -0.4511255778212647,
    0.6761540341000764
  ],
  "b": [
    0.6837600630115059,
    0.07213395569029081,
    0.6773468330608071,
    -0.26166798888948517
  ],
  "cL": [
    0.5986733017772282,
    -0.05221577713895537,
    0.7874493299250553,
    0.13706692948157892
  ],
  "cR": [
    0.42217780796270143,
    0.09026921758866478,
    -0.39222708397102596,
    -0.8122655239632693
  ],
  "losses": {
    "total": 0.16586811707607596,
    "spectral": 0.1605341094161324,
    "sparsity": 0.1066801531988717,
    "best_val_step": 719.0,
    "best_val_spectral_loss_like_50_12k": 0.16053410941613241,
    "best_val_spectral_dev_db_50_12k": 3.9849033571721755,
    "final_spectral_dev_db_50_12k": 3.9849033571721755,
    "training_band_k_count": 260137.0,
    "band_k_min": 1088.0,
    "band_k_max": 261224.0,
    "train_band_k_count": 208110.0,
    "val_band_k_count": 52027.0,
    "freq_grid_size": 480000.0,
    "paper_band_enable": 1.0,
    "paper_band_min_hz": 50.0,
    "paper_band_max_hz": 12000.0,
    "gamma_train": 0.9999,
    "stability_gamma": 0.9999,
    "val_fraction": 0.2
  },
  "best_val_step": 719,
  "best_val_spectral_loss_like_50_12k": 0.16053410941613241,
  "best_val_spectral_dev_db_50_12k": 3.9849033571721755,
  "training_band_k_count": 260137,
  "band_k_min_loss": 1088,
  "band_k_max_loss": 261224,
  "train_band_k_count": 208110,
  "val_band_k_count": 52027
}
