{
  "config_id": "householder_prime_rt60_2p8_paper_seed1",
  "sr": 48000,
  "fs": 48000,
  "nfft": 2048,
  "M": 480000,
  "batch": 2000,
  "epochs": 3,
  "delay_samples": [
    1499,
    2377,
    3217,
    4421
  ],
  "rt60": 2.8,
  "rt60_target": 2.8,
  "steps": 720,
  "steps_per_epoch": 240,
  "lr": 0.001,
  "gamma": 0.9999486043321197,
  "gamma_used": 0.9999486043321197,
  "gamma_source": "rt60_target",
  "train_lossless": true,
  "optimize_with_decay": false,
  "gamma_train": 1.0,
  "alpha_density": 0.05,
  "alpha_sparsity": 0.05,
  "spectral_mode": "unity",
  "freq_bins_per_step": 2000,
  "learn_io": true,
  "seed": 1,
  "gains": [
    0.9258490356932044,
    0.8849973378134331,
    0.8476019833822931,
    0.7967406292535046
  ],
  "gains_training": [
    1.0,
    1.0,
    1.0,
    1.0
  ],
  "matrix_type": "householder",
  "fixed_u": [
    0.5,
    0.5,
    0.5,
    0.5
  ],
  "u": [
    0.6770740026467524,
    0.2246886985022496,
    0.13512995697415922,
    0.6876232096384127
  ],
  "b": [
    0.4497081422243369,
    0.5347167738089308,
    0.5149888956162519,
    0.4966155414568269
  ],
  "cL": [
    0.5557850932167218,
    -0.5150868484085407,
    0.46495287195476287,
    -0.4578288933822926
  ],
  "cR": [
    0.4733091933598239,
    0.4614578020157612,
    -0.5287602636618349,
    -0.5323980541024943
  ],
  "losses": {
    "total": 214499861.50312293,
    "spectral": 214499861.4774718,
    "sparsity": 0.5130225109192728
  }
}
