{
  "config_id": "householder_prime_rt60_2p8_consistent_fixed",
  "sr": 48000,
  "fs": 48000,
  "nfft": 2048,
  "M": 480000,
  "batch": 2000,
  "epochs": 3,
  "delay_samples": [
    1499,
    2377,
    3217,
    4421
  ],
  "rt60": 2.8,
  "rt60_target": 2.8,
  "steps": 720,
  "steps_per_epoch": 240,
  "lr": 0.001,
  "gamma": 0.9999486043321197,
  "gamma_used": 0.9999486043321197,
  "gamma_source": "rt60_target",
  "alpha_density": 0.05,
  "alpha_sparsity": 0.05,
  "spectral_mode": "unity",
  "freq_bins_per_step": 2000,
  "learn_io": true,
  "seed": 0,
  "gains": [
    0.9258490356932044,
    0.8849973378134331,
    0.8476019833822931,
    0.7967406292535046
  ],
  "matrix_type": "householder",
  "fixed_u": [
    0.5,
    0.5,
    0.5,
    0.5
  ],
  "u": [
    0.5,
    0.5,
    0.5,
    0.5
  ],
  "b": [
    0.25,
    0.25,
    0.25,
    0.25
  ],
  "cL": [
    0.5,
    -0.5,
    0.5,
    -0.5
  ],
  "cR": [
    0.5,
    0.5,
    -0.5,
    -0.5
  ],
  "losses": {
    "total": 0.2639930685891251,
    "spectral": 0.2455301448502367,
    "sparsity": 0.36925847477776785
  },
  "comparison_mode": "fixed",
  "mod_depth": 0.0,
  "detune": 0.0,
  "damp_hz": 1000000000.0,
  "compare_lti_enforced": true
}
