{
  "config_id": "householder_spread_rt60_2p8_bank_seed0_r0",
  "sr": 48000,
  "fs": 48000,
  "nfft": 2048,
  "M": 480000,
  "batch": 2000,
  "epochs": 3,
  "delay_samples": [
    1200,
    1800,
    2400,
    3000
  ],
  "rt60": 2.8,
  "rt60_target": 2.8,
  "steps": 720,
  "steps_per_epoch": 240,
  "lr": 0.001,
  "gamma": 0.9999486043321197,
  "gamma_used": 0.9999486043321197,
  "gamma_source": "rt60_target",
  "train_lossless": true,
  "optimize_with_decay": false,
  "stability_gamma": 0.9999,
  "gamma_train": 0.9999,
  "training_mode": "lossless-core-stabilized",
  "alpha_density": 0.05,
  "alpha_sparsity": 0.05,
  "spectral_mode": "unity",
  "freq_grid_size": 480000,
  "freq_bins_per_step": 2000,
  "learn_io": true,
  "paper_band_enable": true,
  "paper_band_min_hz": 50.0,
  "paper_band_max_hz": 12000.0,
  "band_k_pool_count": 239001,
  "band_k_min": 1000,
  "band_k_max": 240000,
  "k_to_hz_formula": "hz = k * sr / (2 * freq_grid_size)",
  "val_fraction": 0.2,
  "seed": 0,
  "gains": [
    0.9401870948776828,
    0.9116359195539531,
    0.8839517733745369,
    0.8571083267915761
  ],
  "gains_training": [
    0.8869151148557208,
    0.835262693512019,
    0.7866184209595365,
    0.7408071077509111
  ],
  "matrix_type": "householder",
  "fixed_u": [
    0.5,
    0.5,
    0.5,
    0.5
  ],
  "u": [
    0.42083476367582484,
    -0.31331028539062056,
    -0.7583855936284938,
    0.38676356876923856
  ],
  "b": [
    0.12850396250279983,
    0.14807940870559821,
    0.9799776215607418,
    0.03468546638912497
  ],
  "cL": [
    0.22202446350433663,
    -0.21598868959574014,
    0.42288767771354885,
    -0.8515985178535529
  ],
  "cR": [
    0.866018771874559,
    0.1896317535373197,
    -0.4494578245368417,
    -0.10972214349825352
  ],
  "losses": {
    "total": 0.19771491131206786,
    "spectral": 0.1897660150742992,
    "sparsity": 0.15897792475537376,
    "best_val_step": 719.0,
    "best_val_spectral_loss_like_50_12k": 0.18976601507429913,
    "best_val_spectral_dev_db_50_12k": 3.8327460315562085,
    "final_spectral_dev_db_50_12k": 3.8327460315562085,
    "training_band_k_count": 239001.0,
    "band_k_min": 1000.0,
    "band_k_max": 240000.0,
    "train_band_k_count": 191201.0,
    "val_band_k_count": 47800.0,
    "freq_grid_size": 480000.0,
    "paper_band_enable": 1.0,
    "paper_band_min_hz": 50.0,
    "paper_band_max_hz": 12000.0,
    "gamma_train": 0.9999,
    "stability_gamma": 0.9999,
    "val_fraction": 0.2
  },
  "best_val_step": 719,
  "best_val_spectral_loss_like_50_12k": 0.18976601507429913,
  "best_val_spectral_dev_db_50_12k": 3.8327460315562085,
  "training_band_k_count": 239001,
  "band_k_min_loss": 1000,
  "band_k_max_loss": 240000,
  "train_band_k_count": 191201,
  "val_band_k_count": 47800
}
