{
  "config_id": "householder_prime_rt60_2p8_paper_seed0_full",
  "sr": 48000,
  "fs": 48000,
  "nfft": 2048,
  "M": 480000,
  "batch": 2000,
  "epochs": 3,
  "delay_samples": [
    1499,
    2377,
    3217,
    4421
  ],
  "rt60": 2.8,
  "rt60_target": 2.8,
  "steps": 720,
  "steps_per_epoch": 240,
  "lr": 0.001,
  "gamma": 0.9999486043321197,
  "gamma_used": 0.9999486043321197,
  "gamma_source": "rt60_target",
  "train_lossless": true,
  "optimize_with_decay": false,
  "gamma_train": 1.0,
  "alpha_density": 0.05,
  "alpha_sparsity": 0.05,
  "spectral_mode": "unity",
  "freq_bins_per_step": 2000,
  "learn_io": true,
  "seed": 0,
  "gains": [
    0.9258490356932044,
    0.8849973378134331,
    0.8476019833822931,
    0.7967406292535046
  ],
  "gains_training": [
    1.0,
    1.0,
    1.0,
    1.0
  ],
  "matrix_type": "householder",
  "fixed_u": [
    0.5,
    0.5,
    0.5,
    0.5
  ],
  "u": [
    0.5559865621181388,
    -0.10562712822749318,
    -0.7976494071679834,
    0.20851205186039118
  ],
  "b": [
    0.5752778989563623,
    0.47000732970020037,
    0.4654114573728496,
    0.48118668346757165
  ],
  "cL": [
    0.5326984114010991,
    -0.5280481857828448,
    0.484213600253881,
    -0.45048274696303986
  ],
  "cR": [
    0.45505090047882046,
    0.5252083450605464,
    -0.487036895053955,
    -0.5290367993895885
  ],
  "losses": {
    "total": 158831.7494137998,
    "spectral": 158831.72576287735,
    "sparsity": 0.4730184488098199
  },
  "comparison_mode": "full",
  "mod_depth": 0.0,
  "detune": 0.0,
  "damp_hz": 1000000000.0,
  "compare_lti_enforced": true
}
