{
  "config_id": "householder_prime_sr44100_bank_seed3_r0",
  "sr": 44100,
  "fs": 44100,
  "nfft": 2048,
  "M": 480000,
  "batch": 2000,
  "epochs": 3,
  "delay_samples": [
    1499,
    2377,
    3217,
    4421
  ],
  "rt60": 2.8,
  "rt60_target": 2.8,
  "steps": 720,
  "steps_per_epoch": 240,
  "lr": 0.001,
  "gamma": 0.9999440592641341,
  "gamma_used": 0.9999440592641341,
  "gamma_source": "rt60_target",
  "train_lossless": true,
  "optimize_with_decay": false,
  "stability_gamma": 0.9999,
  "gamma_train": 0.9999,
  "training_mode": "lossless-core-stabilized",
  "alpha_density": 0.05,
  "alpha_sparsity": 0.05,
  "spectral_mode": "unity",
  "freq_grid_size": 480000,
  "freq_bins_per_step": 2000,
  "learn_io": true,
  "paper_band_enable": true,
  "paper_band_min_hz": 50.0,
  "paper_band_max_hz": 12000.0,
  "band_k_pool_count": 260137,
  "band_k_min": 1088,
  "band_k_max": 261224,
  "k_to_hz_formula": "hz = k * sr / (2 * freq_grid_size)",
  "val_fraction": 0.2,
  "seed": 3000,
  "gains": [
    0.9195622764670255,
    0.8754871116079828,
    0.8352982927879131,
    0.7808900571205053
  ],
  "gains_training": [
    0.8607875994690201,
    0.788429816204984,
    0.7249039714501405,
    0.642671156355556
  ],
  "matrix_type": "householder",
  "fixed_u": [
    0.5,
    0.5,
    0.5,
    0.5
  ],
  "u": [
    0.3254505096530536,
    0.3781549867770421,
    -0.47913265272459593,
    -0.7221583433259734
  ],
  "b": [
    0.21901868413701137,
    0.10950655642191043,
    -0.08382554281479895,
    0.965925674403218
  ],
  "cL": [
    0.2877364089151505,
    -0.05223130478360086,
    -0.04644263019309971,
    -0.9551558678487835
  ],
  "cR": [
    0.24041955128664208,
    0.18823971940023973,
    -0.023563877009793167,
    -0.9519500990595652
  ],
  "losses": {
    "total": 0.1017699046546124,
    "spectral": 0.09356130447300666,
    "sparsity": 0.16417200363211482,
    "best_val_step": 719.0,
    "best_val_spectral_loss_like_50_12k": 0.09356130447300667,
    "best_val_spectral_dev_db_50_12k": 2.5844808239470725,
    "final_spectral_dev_db_50_12k": 2.5844808239470725,
    "training_band_k_count": 260137.0,
    "band_k_min": 1088.0,
    "band_k_max": 261224.0,
    "train_band_k_count": 208110.0,
    "val_band_k_count": 52027.0,
    "freq_grid_size": 480000.0,
    "paper_band_enable": 1.0,
    "paper_band_min_hz": 50.0,
    "paper_band_max_hz": 12000.0,
    "gamma_train": 0.9999,
    "stability_gamma": 0.9999,
    "val_fraction": 0.2
  },
  "best_val_step": 719,
  "best_val_spectral_loss_like_50_12k": 0.09356130447300667,
  "best_val_spectral_dev_db_50_12k": 2.5844808239470725,
  "training_band_k_count": 260137,
  "band_k_min_loss": 1088,
  "band_k_max_loss": 261224,
  "train_band_k_count": 208110,
  "val_band_k_count": 52027
}
