{
  "config_id": "householder_prime_rt60_2p8_smoke2_seed0",
  "sr": 48000,
  "fs": 48000,
  "nfft": 2048,
  "M": 2000,
  "batch": 2000,
  "epochs": 1,
  "delay_samples": [
    1499,
    2377,
    3217,
    4421
  ],
  "rt60": 2.8,
  "rt60_target": 2.8,
  "steps": 1,
  "steps_per_epoch": 1,
  "lr": 0.001,
  "gamma": 0.9999486043321197,
  "gamma_used": 0.9999486043321197,
  "gamma_source": "rt60_target",
  "train_lossless": true,
  "optimize_with_decay": false,
  "gamma_train": 1.0,
  "alpha_density": 0.05,
  "alpha_sparsity": 0.05,
  "spectral_mode": "unity",
  "freq_bins_per_step": 2000,
  "learn_io": true,
  "seed": 0,
  "gains": [
    0.9258490356932044,
    0.8849973378134331,
    0.8476019833822931,
    0.7967406292535046
  ],
  "gains_training": [
    1.0,
    1.0,
    1.0,
    1.0
  ],
  "matrix_type": "householder",
  "fixed_u": [
    0.5,
    0.5,
    0.5,
    0.5
  ],
  "u": [
    0.5619239777465873,
    -0.10656499912985931,
    -0.7936155387987149,
    0.20750836313539628
  ],
  "b": [
    0.5019959840481913,
    0.49799601604780735,
    0.49799601604780735,
    0.5019959840481913
  ],
  "cL": [
    0.5009989980030061,
    -0.5009989980030061,
    0.4989990020029941,
    -0.4989990020029941
  ],
  "cR": [
    0.4989990020029941,
    0.5009989980030061,
    -0.4989990020029941,
    -0.5009989980030061
  ],
  "losses": {
    "total": 285428680258.7377,
    "spectral": 285428680258.71387,
    "sparsity": 0.4763707940321864
  }
}
