{
  "config_id": "householder_prime_rt60_2p8_paper_seed2",
  "sr": 48000,
  "fs": 48000,
  "nfft": 2048,
  "M": 480000,
  "batch": 2000,
  "epochs": 3,
  "delay_samples": [
    1499,
    2377,
    3217,
    4421
  ],
  "rt60": 2.8,
  "rt60_target": 2.8,
  "steps": 720,
  "steps_per_epoch": 240,
  "lr": 0.001,
  "gamma": 0.9999486043321197,
  "gamma_used": 0.9999486043321197,
  "gamma_source": "rt60_target",
  "train_lossless": false,
  "optimize_with_decay": true,
  "gamma_train": 0.9999486043321197,
  "alpha_density": 0.05,
  "alpha_sparsity": 0.05,
  "spectral_mode": "unity",
  "freq_bins_per_step": 2000,
  "learn_io": false,
  "seed": 2,
  "gains": [
    0.9258490356932044,
    0.8849973378134331,
    0.8476019833822931,
    0.7967406292535046
  ],
  "gains_training": [
    0.9258490356932044,
    0.8849973378134331,
    0.8476019833822931,
    0.7967406292535046
  ],
  "matrix_type": "householder",
  "fixed_u": [
    0.5,
    0.5,
    0.5,
    0.5
  ],
  "u": [
    0.11982311497858271,
    -0.30624404102603403,
    -0.3055092864654513,
    -0.8936000695704118
  ],
  "b": [
    0.25,
    0.25,
    0.25,
    0.25
  ],
  "cL": [
    0.5,
    -0.5,
    0.5,
    -0.5
  ],
  "cR": [
    0.5,
    0.5,
    -0.5,
    -0.5
  ],
  "losses": {
    "total": 0.4590983213418981,
    "spectral": 0.44005434294091184,
    "sparsity": 0.3808795680197248
  }
}
