{
  "config_id": "householder_prime_sr44100_bank_seed1_r0",
  "sr": 44100,
  "fs": 44100,
  "nfft": 2048,
  "M": 480000,
  "batch": 2000,
  "epochs": 3,
  "delay_samples": [
    1499,
    2377,
    3217,
    4421
  ],
  "rt60": 2.8,
  "rt60_target": 2.8,
  "steps": 720,
  "steps_per_epoch": 240,
  "lr": 0.001,
  "gamma": 0.9999440592641341,
  "gamma_used": 0.9999440592641341,
  "gamma_source": "rt60_target",
  "train_lossless": true,
  "optimize_with_decay": false,
  "stability_gamma": 0.9999,
  "gamma_train": 0.9999,
  "training_mode": "lossless-core-stabilized",
  "alpha_density": 0.05,
  "alpha_sparsity": 0.05,
  "spectral_mode": "unity",
  "freq_grid_size": 480000,
  "freq_bins_per_step": 2000,
  "learn_io": true,
  "paper_band_enable": true,
  "paper_band_min_hz": 50.0,
  "paper_band_max_hz": 12000.0,
  "band_k_pool_count": 260137,
  "band_k_min": 1088,
  "band_k_max": 261224,
  "k_to_hz_formula": "hz = k * sr / (2 * freq_grid_size)",
  "val_fraction": 0.2,
  "seed": 1000,
  "gains": [
    0.9195622764670255,
    0.8754871116079828,
    0.8352982927879131,
    0.7808900571205053
  ],
  "gains_training": [
    0.8607875994690201,
    0.788429816204984,
    0.7249039714501405,
    0.642671156355556
  ],
  "matrix_type": "householder",
  "fixed_u": [
    0.5,
    0.5,
    0.5,
    0.5
  ],
  "u": [
    -0.64301877332937,
    -0.3556953723841589,
    0.4112124092276718,
    0.5393625994705792
  ],
  "b": [
    0.8987730091292497,
    0.36060251574700697,
    -0.034170704885846476,
    0.24699244244569
  ],
  "cL": [
    0.9412912498702384,
    -0.22267329951538073,
    0.07454518271994762,
    -0.2425497893915967
  ],
  "cR": [
    0.6742509378920197,
    0.7310802106980693,
    0.07677741021209461,
    -0.07079991213640005
  ],
  "losses": {
    "total": 0.14479090383976498,
    "spectral": 0.13978410902744978,
    "sparsity": 0.1001358962463037,
    "best_val_step": 719.0,
    "best_val_spectral_loss_like_50_12k": 0.13978410902744987,
    "best_val_spectral_dev_db_50_12k": 3.371604353325481,
    "final_spectral_dev_db_50_12k": 3.371604353325481,
    "training_band_k_count": 260137.0,
    "band_k_min": 1088.0,
    "band_k_max": 261224.0,
    "train_band_k_count": 208110.0,
    "val_band_k_count": 52027.0,
    "freq_grid_size": 480000.0,
    "paper_band_enable": 1.0,
    "paper_band_min_hz": 50.0,
    "paper_band_max_hz": 12000.0,
    "gamma_train": 0.9999,
    "stability_gamma": 0.9999,
    "val_fraction": 0.2
  },
  "best_val_step": 719,
  "best_val_spectral_loss_like_50_12k": 0.13978410902744987,
  "best_val_spectral_dev_db_50_12k": 3.371604353325481,
  "training_band_k_count": 260137,
  "band_k_min_loss": 1088,
  "band_k_max_loss": 261224,
  "train_band_k_count": 208110,
  "val_band_k_count": 52027
}
