{
  "step": [
    0.0
  ],
  "epoch": [
    0.0
  ],
  "total": [
    0.5365452629316446
  ],
  "spectral": [
    0.5127459528285491
  ],
  "sparsity": [
    0.4759862020619119
  ],
  "u_norm": [
    1.0
  ],
  "b_norm": [
    0.5
  ],
  "cL_norm": [
    1.0
  ],
  "cR_norm": [
    1.0
  ]
}
