{
  "config_id": "householder_prime_sr44100_bank_seed3_r2_full",
  "sr": 44100,
  "fs": 44100,
  "nfft": 2048,
  "M": 480000,
  "batch": 2000,
  "epochs": 3,
  "delay_samples": [
    1499,
    2377,
    3217,
    4421
  ],
  "rt60": 2.8,
  "rt60_target": 2.8,
  "steps": 720,
  "steps_per_epoch": 240,
  "lr": 0.001,
  "gamma": 0.9999440592641341,
  "gamma_used": 0.9999440592641341,
  "gamma_source": "rt60_target",
  "train_lossless": true,
  "optimize_with_decay": false,
  "stability_gamma": 0.9999,
  "gamma_train": 0.9999,
  "training_mode": "lossless-core-stabilized",
  "alpha_density": 0.05,
  "alpha_sparsity": 0.05,
  "spectral_mode": "unity",
  "freq_grid_size": 480000,
  "freq_bins_per_step": 2000,
  "learn_io": true,
  "paper_band_enable": true,
  "paper_band_min_hz": 50.0,
  "paper_band_max_hz": 12000.0,
  "band_k_pool_count": 260137,
  "band_k_min": 1088,
  "band_k_max": 261224,
  "k_to_hz_formula": "hz = k * sr / (2 * freq_grid_size)",
  "val_fraction": 0.2,
  "seed": 3002,
  "gains": [
    0.9195622764670255,
    0.8754871116079828,
    0.8352982927879131,
    0.7808900571205053
  ],
  "gains_training": [
    0.8607875994690201,
    0.788429816204984,
    0.7249039714501405,
    0.642671156355556
  ],
  "matrix_type": "householder",
  "fixed_u": [
    0.5,
    0.5,
    0.5,
    0.5
  ],
  "u": [
    0.34005757081621163,
    -0.4189423696394442,
    0.48404144729204646,
    0.6888773597345798
  ],
  "b": [
    0.17107562647197647,
    -0.1325086820853326,
    0.027959066911328413,
    0.9759061787777946
  ],
  "cL": [
    0.252350387377533,
    -0.18131912422888932,
    0.13310305458272975,
    -0.9411302959952061
  ],
  "cR": [
    0.31790158065809304,
    -0.15860364210442016,
    -0.044109808832769916,
    -0.9337225468473145
  ],
  "losses": {
    "total": 0.09972916169013825,
    "spectral": 0.09303691286197599,
    "sparsity": 0.13384497656324523,
    "best_val_step": 719.0,
    "best_val_spectral_loss_like_50_12k": 0.09303691286197599,
    "best_val_spectral_dev_db_50_12k": 2.574477754387206,
    "final_spectral_dev_db_50_12k": 2.574477754387206,
    "training_band_k_count": 260137.0,
    "band_k_min": 1088.0,
    "band_k_max": 261224.0,
    "train_band_k_count": 208110.0,
    "val_band_k_count": 52027.0,
    "freq_grid_size": 480000.0,
    "paper_band_enable": 1.0,
    "paper_band_min_hz": 50.0,
    "paper_band_max_hz": 12000.0,
    "gamma_train": 0.9999,
    "stability_gamma": 0.9999,
    "val_fraction": 0.2
  },
  "best_val_step": 719,
  "best_val_spectral_loss_like_50_12k": 0.09303691286197599,
  "best_val_spectral_dev_db_50_12k": 2.574477754387206,
  "training_band_k_count": 260137,
  "band_k_min_loss": 1088,
  "band_k_max_loss": 261224,
  "train_band_k_count": 208110,
  "val_band_k_count": 52027,
  "comparison_mode": "full",
  "mod_depth": 0.0,
  "detune": 0.0,
  "damp_hz": 1000000000.0,
  "compare_lti_enforced": true
}
